Bits,Naive,MillerRabin
4,51.46,394.35
5,55.8,497.59
6,62.5,618.3
7,73.34,728.92
8,81.26,911.66
9,85.37,931.67
10,113.04,1061.37
11,137.04,1277.32
12,148.38,1272.98
13,177.64,1424.09
14,266.51,1525.91
15,340.21,1665.5
16,345.04,1900.72
17,443.7,1930.58
18,552.57,1912.07
19,843.09,2155.46
20,1088.11,2475.03
21,1402.37,2495.86
22,2001.27,2752.74
23,2645.26,2945.88
24,3900.69,2848.44
25,4952.36,3119.44
26,7406.1,3469.91
27,10218.9,3607.66
28,13650.7,3669.4
29,18490.9,4312.45
30,25822.4,4776.73
31,39490.2,4318.65
32,53816.4,4329.47
